Gene,"k_on, k_off, k_syn",freq_point,lower,upper ,size_point,lower,upper ,
ENSG00000135346.4,[8.39867830e-03 3.21741501e+01 4.86686799e+01],[0.00881861,0.00708022,0.01424169],[1.24038452,0.87580807,1.75918426],
ENSG00000169429.6,[8.45576690e-03 5.90583592e+02 1.77771082e+03],[0.00845577,0.00727831,0.00957855],[1.74585324,nan,nan],
ENSG00000135625.6,[2.12653786e-02 1.44109859e+01 2.19563917e+01],[0.02232865,0.0190146,0.02610324],[1.38646423,1.11470726,1.71875702],
ENSG00000105197.6,[1.09763901 0.42390894 1.20717722],[1.09763901,0.32206245,2.62403596],[2.84772766,nan,nan],
ENSG00000140612.9,[1.21626795 0.38584679 1.10198516],[1.21626795,0.38578529,5.52938414],[0.1142407,nan,nan],
ENSG00000105438.4,[1.17174646 0.61445662 1.20430496],[1.17174646,0.40641112,2.71852874],[1.95995114,nan,nan],
ENSG00000151725.7,[0.64846771 0.52121702 1.00427086],[0.64846771,0.52428745,1.22379702],[1.92678064,0.74439031,2.43536331],
ENSG00000145354.5,[1.24567012 0.81366726 1.44345096],[1.24567012,0.6640012,2.15265688],[1.77400644,0.71983104,4.68263009],
ENSG00000101363.8,[1.50204207 0.95056473 1.1945294 ],[1.35183786,0.67346398,3.53084231],[1.52054934,0.292979,4.40230584],
ENSG00000168288.8,[1.62674372 1.00971731 1.38907878],[1.62674372,0.71248989,3.56977556],[1.37571057,0.35616403,5.08616841],
ENSG00000164346.5,[1.33862546 0.6306293  1.65896206],[1.33862546,0.71357432,2.37875058],[2.63064538,1.00170516,7.08912525],
ENSG00000185043.6,[1.33951487 0.57799436 1.07359414],[1.33951487,0.7392073,3.60733871],[1.85744743,0.34663496,4.14879715],
ENSG00000162961.9,[1.68789505 0.82194241 1.58379109],[1.68789505,0.84672354,3.3669041,[1.92688816,0.58503912,5.90316891],
ENSG00000183726.6,[1.81630018 1.35848928 1.62621062],[1.81630018,0.87137213,3.98741801],[1.19707284,0.30324089,3.94336018],
ENSG00000167118.6,[1.35061417 0.93504338 1.07499418],[1.35061417,0.88569441,3.2070766,[1.14967306,0.26554823,1.98699077],
ENSG00000183617.4,[1.9263484  1.56696629 1.60947015],[1.83003098,0.88999523,3.83320863],[1.11956618,0.31022815,3.61804296],
ENSG00000172500.8,[1.57869238 1.58182553 1.92366529],[1.57869238,0.99635353,2.47919636],[1.21610459,0.5674255,2.56541769],
ENSG00000125445.6,[1.58014358 1.03826623 2.32990578],[1.58014358,1.03903764,2.43474864],[2.24403502,1.07072624,4.4825319,]
ENSG00000170348.4,[1.8674838  1.60679097 1.69560813],[1.8674838,1.05915455,3.36112995],[1.05527611,0.38256402,2.68712298],
ENSG00000197006.9,[1.725199   1.2828623  2.03995719],[1.725199,1.08262565,2.65773505],[1.6378655,0.75972941,3.4318961,]
ENSG00000114686.4,[1.88095057 1.52660172 1.84329568],[1.88095057,1.08679657,3.35611705],[1.20745028,0.44231533,2.99555204],
ENSG00000086504.11,[2.15174266 1.74744372 2.07053299],[2.04415552,1.22032291,3.6473952,[1.29153285,0.46970495,3.0891474,]
ENSG00000007080.6,[2.2690837  1.74067499 2.26174345],[2.2690837,1.36555142,3.81857296],[1.33832896,0.51811085,3.09666272],
ENSG00000106591.3,[2.03170849 2.34317783 3.03422838],[2.03170849,1.43590652,2.95329119],[1.29492024,0.67380614,2.33910957],
ENSG00000180879.9,[1.93552007 1.30165756 3.24068929],[1.93552007,1.45658765,2.62355755],[2.48966348,1.46264182,4.06407126],
ENSG00000179950.9,[2.33730655 2.45800923 2.7272262 ],[2.33730655,1.46012444,4.02313399],[1.10952643,0.42237089,2.49068887],
ENSG00000110801.9,[2.31686583 2.48773838 2.53620175],[2.31686583,1.53829928,3.65411254],[1.01948089,0.45707444,2.05923035],
ENSG00000139684.9,[2.10580599 2.98139212 3.0280989 ],[2.10580599,1.54708558,2.93811207],[1.0156661,0.57013368,1.71942113],
ENSG00000165672.5,[2.51378183 1.76200024 3.02517065],[2.51378183,1.70884271,3.87846968],[1.71689571,0.78947851,3.38425695],
ENSG00000165264.6,[2.62743821 2.48301325 2.85304674],[2.62743821,1.74652512,4.23805568],[1.14902598,0.48831002,2.34762539],
ENSG00000139168.3,[2.2598956  2.49267712 3.75247503],[2.2598956,1.79190172,2.90406926],[1.50539955,0.97077089,2.25089556],
ENSG00000122034.8,[2.43066166 6.42447774 6.43041315],[2.30912857,1.90400478,2.78831713],[1.12103474,0.79151034,1.55728432],
ENSG00000185088.8,[2.64222854 3.71988751 3.92090641],[2.64222854,1.97216948,3.66585384],[1.05403897,0.58883918,1.76180935],
ENSG00000219200.6,[2.52725848 2.13752854 5.06707357],[2.52725848,2.06350662,3.15497499],[2.37052908,1.59240995,3.40701861],
ENSG00000167775.6,[2.53026614 3.57360323 5.6705949 ],[2.53026614,2.11068883,3.09797087],[1.58680036,1.10710342,2.20499476],
ENSG00000109113.13,[2.74124215 4.6865665  4.77907671],[2.74124215,2.12357365,3.64894147],[1.01973944,0.61263147,1.59684671],
ENSG00000127445.9,[2.48245481 3.94789275 6.94839007],[2.48245481,2.12843057,2.92838041],[1.76002503,1.31691003,2.3014258,]
ENSG00000102317.13,[2.79848055 3.79127144 6.19949164],[2.79848055,2.34020185,3.41715587],[1.63520121,1.14252509,2.26792069],
ENSG00000171222.6,[2.96302118 5.4481031  5.92813403],[2.96302118,2.34181472,3.8608139,[1.08810974,0.67638409,1.65300906],
ENSG00000116030.12,[3.00972054 3.1411577  4.81083037],[3.00972054,2.34364739,3.98852759],[1.53154691,0.9208299,2.39690001],
ENSG00000105968.14,[ 2.73354824 10.82933214 11.35691478],[2.73354824,2.34755669,3.18932289],[1.04871793,0.80083455,1.36380684],
ENSG00000262814.2,[2.81409887 5.60174477 7.53195406],[2.81409887,2.38863176,3.36632533],[1.34457287,0.97766389,1.7983188,]
ENSG00000180992.5,[2.99996248 4.98717091 5.90666076],[2.99996248,2.39731788,3.85424862],[1.18437103,0.75471219,1.76708541],
ENSG00000165283.11,[2.94458338 5.82142474 7.19232358],[2.94458338,2.45624612,3.62188642],[1.23549198,0.85208122,1.72339351],
ENSG00000184983.5,[3.04030006 4.34309509 6.77540763],[3.04030006,2.54729109,3.71948734],[1.56004128,1.0837659,2.15941687],
ENSG00000254999.2,[3.22783175 4.56744964 5.62078651],[3.22783175,2.55276303,4.21232306],[1.23061817,0.76005714,1.87495674],
ENSG00000173674.6,[3.10152769 6.01704708 8.48992639],[3.10152769,2.62612414,3.72418166],[1.41097889,1.01504398,1.9046312,]
ENSG00000132432.9,[3.1552846  3.64441753 6.56331214],[3.1552846,2.63600596,3.87561737],[1.80092212,1.24003307,2.51563902],
ENSG00000100300.13,[3.11800765 6.45966337 8.58874628],[3.11800765,2.64421744,3.74024203],[1.32959657,0.95868617,1.78733464],
ENSG00000151366.8,[3.18656209 4.31007684 8.4910903 ],[3.18656209,2.71286473,3.79810434],[1.97005543,1.43320478,2.63556917],
ENSG00000167815.7,[3.22182505 4.61967506 8.04335705],[3.22182505,2.73516549,3.86105888],[1.74110883,1.25459504,2.34143821],
ENSG00000165119.14,[3.85059284 3.70469704 4.98848788],[3.85059284,2.73949232,5.85267169],[1.34653059,0.6202827,2.51394248],
ENSG00000139343.6,[3.73380759 5.52992201 9.94989777],[3.73380759,3.20359755,4.41659968],[1.79928356,1.32574251,2.37133993],
ENSG00000169714.12,[ 3.91706607 15.44068148 18.03534893],[3.91706607,3.35837578,4.63329944],[1.16804099,0.86094915,1.54096677],
ENSG00000161547.10,[ 3.67979371 17.5996716  17.84506831],[4.04777308,3.43925962,4.57959429],[0.86185177,0.70505055,1.14035664],
ENSG00000175756.9,[ 3.89513806 14.67968038 15.54186546],[4.08989497,3.46435519,4.94262671],[0.96344724,0.67659332,1.31569565],
ENSG00000092199.13,[ 4.36917747 19.09837659 19.4761941 ],[4.36917747,3.69541355,5.27651646],[1.0197827,0.76332596,1.3895136,]
ENSG00000078618.15,[ 2.53294546 31.37979607 32.33547143],[2.65959273,nan,nan],[0.9068005,0.86219336,0.96430845],
ENSG00000141552.13,[ 3.65080584 18.40917524 19.55696536],[3.46826555,nan,nan],[1.18983066,0.90406897,1.51667826],
ENSG00000228474.1,[ 4.41794514 39.09124796 39.46215648],[4.41794514,nan,nan],[1.00948828,0.90923225,1.30226338],
ENSG00000184990.8,[2.42472697 7.66086362 9.14458603],[2.42472697,nan,nan],[1.19367561,0.91764911,1.51979314],
ENSG00000132329.6,[ 0.75795618 10.12035818 10.76167954],[0.75795618,nan,nan],[1.1271716,0.92464256,1.2926981,]
ENSG00000166311.5,[0.91347129 8.52347775 9.19817276],[0.86779772,nan,nan],[1.14390668,0.95076517,1.35497774],
ENSG00000101608.8,[  3.6091912  332.50584589 332.99050243],[3.6091912,nan,nan],[1.00145759,0.9605512,1.04346309],
ENSG00000124795.10,[  3.28073403 420.9313099  423.67072215],[3.28073403,nan,nan],[1.00650798,0.9660396,1.05021274],
ENSG00000112081.12,[ 4.32790815 19.36496747 24.78557075],[4.32790815,nan,nan],[1.27991802,0.9762978,1.63647236],
ENSG00000197696.5,[5.52816058e-01 7.42379625e+02 7.72461744e+02],[0.55281606,nan,nan],[1.04052121,0.97683277,1.1039078,]
ENSG00000142168.10,[ 5.18950563 84.12132203 85.81433109],[4.15160451,nan,nan],[1.0201258,0.97810466,1.06514517],
ENSG00000130529.11,[  1.74681808 588.30234447 604.55730129],[1.74681808,nan,nan],[1.02763028,0.98314376,1.07372049],
ENSG00000165916.4,[  3.4700244  390.450464   399.51910503],[3.4700244,nan,nan],[1.0232261,0.98498915,1.06970837],
ENSG00000111716.8,[  3.95793583 604.31133536 618.81115919],[3.95793583,nan,nan],[1.02399396,0.99086436,1.07800247],
ENSG00000204387.8,[  3.4659509  484.5625795  501.95972415],[3.4659509,nan,nan],[1.03590278,0.99453053,1.07774622],
ENSG00000184076.10,[ 4.1261284  67.08974766 69.6823453 ],[3.71351556,nan,nan],[1.03864372,0.99557644,1.08439538],
ENSG00000177697.13,[ 1.31592179  8.94521438 10.42309086],[1.31592179,nan,nan],[1.20017063,0.99858594,1.42443536],
ENSG00000182117.4,[  4.05469519 131.47273731 137.0344958 ],[4.05469519,nan,nan],[1.04230351,1.00014859,1.08600348],
ENSG00000170891.6,[ 0.28651229 47.64523344 51.77327617],[0.28651229,nan,nan],[1.08664125,1.00477725,1.16717467],
ENSG00000163497.2,[0.39003593 5.23868987 6.15769929],[0.39003593,nan,nan],[1.17542734,1.00941459,1.38512588],
ENSG00000147684.3,[  5.18530012 223.26124811 229.9663022 ],[4.14824009,nan,nan],[1.06093329,1.01456367,1.10034505],
ENSG00000090266.8,[ 4.02248036 19.20961255 20.80560939],[3.62023232,nan,nan],[1.34302322,1.01460174,1.71368727],
ENSG00000126777.13,[ 3.1131092  23.27513585 28.36479984],[3.1131092,nan,nan],[1.21867387,1.01982686,1.48834746],
ENSG00000198258.6,[ 4.87253317 57.33623872 61.55245924],[4.87253317,nan,nan],[1.073535,1.02888141,1.12008879],
ENSG00000165502.6,[ 4.89356217 56.94775671 61.17775567],[4.89356217,nan,nan],[1.07427859,1.02936215,1.12049836],
ENSG00000163399.11,[  2.47084824 310.35454176 338.085362  ],[2.47084824,nan,nan],[1.08935207,1.03455613,1.1268643,]
ENSG00000181195.6,[3.47072207e-01 5.68097953e+02 7.48262149e+02],[0.38177943,nan,nan],[1.11956543,1.04746444,1.19191198],
ENSG00000074071.9,[ 3.27415293 14.36723287 15.55231259],[2.94673764,nan,nan],[1.37475582,1.04920371,1.7486586,]
ENSG00000130203.5,[2.65157779e-01 3.61448429e+02 3.98043512e+02],[0.25189989,nan,nan],[1.13428302,1.05321313,1.23225694],
ENSG00000169020.5,[  3.79313204 111.92372533 123.08174787],[3.79313204,nan,nan],[1.09969309,1.0557639,1.14422799],
ENSG00000123200.12,[  2.11066144 337.97988171 370.73994887],[2.11066144,nan,nan],[1.09692904,1.0559318,1.14825092],
ENSG00000142227.6,[  3.27735423 154.92823731 170.67558622],[3.27735423,nan,nan],[1.10164286,1.05615522,1.14507677],
ENSG00000116774.7,[ 1.57902591  9.43284114 10.53898837],[1.42112332,nan,nan],[1.31837334,1.06717946,1.58980113],
ENSG00000114850.2,[ 3.73723638 36.74285519 37.61164022],[3.17665092,nan,nan],[1.36144786,1.06853725,1.68690053],
ENSG00000135390.13,[  5.80363136 342.05069496 369.17169415],[4.35272352,nan,nan],[1.1116681,1.06864086,1.15482808],
ENSG00000175334.3,[ 4.34782441 74.9350739  85.37784707],[3.69565075,nan,nan],[1.13935761,1.09467853,1.18689685],
ENSG00000156467.5,[ 3.83701384 16.21627531 23.24579303],[3.83701384,nan,nan],[1.39048079,1.10966512,1.75342455],
ENSG00000161031.8,[5.22003920e-01 5.95999274e+02 7.02621824e+02],[0.52200392,nan,nan],[1.17889712,1.11311224,1.24881342],
ENSG00000182004.8,[  5.08639178 103.39985023 120.32857073],[5.08639178,nan,nan],[1.16372094,1.11834472,1.20943234],
ENSG00000137710.10,[  2.84278365 363.97813266 426.49127449],[2.84278365,nan,nan],[1.17174972,1.12674315,1.21810829],
ENSG00000127540.7,[  4.72174445 202.10466705 231.48638243],[3.77739556,nan,nan],[1.17974007,1.13151291,1.22219034],
ENSG00000104979.4,[ 3.93637787 32.58826369 37.04541539],[3.54274008,nan,nan],[1.40959689,1.13569069,1.7476348,]
ENSG00000078596.6,[  2.81637475 335.88557439 397.42222965],[2.81637475,nan,nan],[1.1832072,1.13804523,1.22947368],
ENSG00000155368.12,[ 3.89258178 13.73377759 20.04490856],[3.89258178,nan,nan],[1.45953351,1.14476692,1.82004871],
ENSG00000112559.9,[ 1.75772263 47.90322913 60.92013226],[1.84560876,nan,nan],[1.19542931,1.14863373,1.24487993],
ENSG00000116649.5,[ 3.03432506 32.55192396 41.75124265],[3.03432506,nan,nan],[1.28260445,1.15022917,1.52833029],
ENSG00000166851.10,[0.4858583  4.85971341 6.43887728],[0.4858583,nan,nan],[1.32495,1.15791393,1.5353059,]
ENSG00000110492.11,[  1.94829114 454.56440553 548.21676717],[1.94829114,nan,nan],[1.20602661,1.1579276,1.254473,]
ENSG00000134057.10,[  0.73399909 574.91339292 702.66840641],[0.73399909,nan,nan],[1.2222161,1.1633669,1.28387978],
ENSG00000167088.6,[ 4.68796056 57.32297381 69.71885391],[3.98476648,nan,nan],[1.21624628,1.16945086,1.26628092],
ENSG00000159176.9,[  2.92785692 133.49319597 162.8338117 ],[2.92785692,nan,nan],[1.2197911,1.17476781,1.26940257],
ENSG00000119801.8,[ 1.42581182 51.56092738 66.63120118],[1.49710241,nan,nan],[1.25351246,1.18511624,1.26880221],
ENSG00000099624.3,[ 4.11818856 16.86476167 18.1043447 ],[3.29455084,nan,nan],[1.58878202,1.18586404,2.07706259],
ENSG00000173915.8,[ 4.524832   42.08548231 55.07019883],[4.524832,nan,nan],[1.30853196,1.18662975,1.60422153],
ENSG00000169136.4,[  0.77878337 491.24679549 616.64051619],[0.77878337,nan,nan],[1.25525606,1.19582208,1.31443518],
ENSG00000069275.12,[  2.72783134 610.25816191 784.48581636],[2.72783134,nan,nan],[1.24693333,1.2029466,1.29691855],
ENSG00000159335.11,[ 3.7529985  73.31695972 91.71306911],[3.37769865,nan,nan],[1.25091206,1.20387347,1.30061338],
ENSG00000140416.15,[5.09572109e-01 5.66260491e+02 7.11477095e+02],[0.50957211,nan,nan],[1.25644841,1.20445574,1.34726241],
ENSG00000118680.8,[  4.63180823 386.59827059 482.26735543],[4.63180823,nan,nan],[1.24746382,1.20515217,1.29738174],
ENSG00000166681.9,[ 3.21310947 18.0092955  23.91569659],[3.052454,nan,nan],[1.52715863,1.23729201,1.82617997],
ENSG00000131747.10,[0.38700959 3.73128122 5.40676764],[0.38700959,nan,nan],[1.44903783,1.26199711,1.67051568],
ENSG00000115163.10,[0.3248508  3.34969625 4.90804871],[0.3248508,nan,nan],[1.46522202,1.26549669,1.69762605],
ENSG00000175130.6,[  2.82355725  84.47364742 112.87389334],[2.68237939,nan,nan],[1.33620243,1.26713411,1.40995654],
ENSG00000149485.12,[  1.6285742  166.70747084 220.08260819],[1.6285742,nan,nan],[1.32017244,1.26860527,1.37308724],
ENSG00000149925.12,[  5.12908466 132.61182491 174.66101044],[4.10326773,nan,nan],[1.31708474,1.27002202,1.36694863],
ENSG00000156411.5,[ 4.00670127 11.01375089 16.10032401],[3.80636621,nan,nan],[1.63725901,1.27516186,2.06397011],
ENSG00000131174.4,[  3.81921877 374.48304763 500.84565703],[3.81921877,nan,nan],[1.33743212,1.28315459,1.38046598],
ENSG00000198467.9,[6.52714022e-01 6.36940222e+02 7.87357343e+02],[0.65271402,nan,nan],[1.34740981,1.28547444,1.42495836],
ENSG00000135486.13,[  5.28375023 115.64573598 154.26133239],[4.4911877,nan,nan],[1.33391284,1.28622046,1.38391557],
ENSG00000241468.3,[ 3.8184442  10.90620544 17.73762176],[3.8184442,nan,nan],[1.62637884,1.28714236,2.00963158],
ENSG00000123144.6,[ 2.98497313  6.47025819 10.69042391],[2.98497313,nan,nan],[1.6522407,1.28777251,2.07794725],
ENSG00000143933.12,[  3.31983758 586.06169161 784.14335146],[3.31983758,nan,nan],[1.33798773,1.28974528,1.38576672],
ENSG00000173207.8,[  3.17275642 377.01564067 506.46145695],[3.17275642,nan,nan],[1.34334336,1.2914525,1.38918104],
ENSG00000173457.6,[  2.01129013 254.13981893 343.31703057],[2.11185464,nan,nan],[1.35089823,1.29482969,1.39723339],
ENSG00000177700.5,[ 3.31987825 44.73847286 60.20832227],[3.15388434,nan,nan],[1.34578403,1.29527682,1.39859006],
ENSG00000125691.8,[ 3.90698496 27.82775748 43.58419851],[3.90698496,nan,nan],[1.56621311,1.2971275,1.86074355],
ENSG00000133169.5,[6.47824704e-01 5.12986929e+02 7.01871592e+02],[0.6478247,nan,nan],[1.36820561,1.30286015,1.43597881],
ENSG00000154723.8,[ 4.40169736 32.7363057  39.45558883],[3.74144276,nan,nan],[1.6391465,1.32398258,2.03246888],
ENSG00000145912.4,[  2.54100067 167.38229831 236.19713013],[2.54100067,nan,nan],[1.41112371,1.36064241,1.46313632],
ENSG00000169689.10,[ 2.28542173 17.73039852 25.89034791],[2.17115064,nan,nan],[1.59164382,1.36561104,1.85843905],
ENSG00000122566.16,[ 4.46209499  9.68451525 17.33668897],[4.46209499,nan,nan],[1.79014525,1.36690888,2.28840944],
ENSG00000067225.13,[ 5.45851475 49.48418017 74.64581316],[5.45851475,nan,nan],[1.50847832,1.37025615,1.82502755],
ENSG00000145494.7,[3.01856121 5.02777954 9.17684331],[3.01856121,nan,nan],[1.82522786,1.3708094,2.36590965],
ENSG00000114942.9,[  3.70978514 662.93859854 956.25246766],[3.70978514,nan,nan],[1.442445,1.37175576,1.47648518],
ENSG00000188229.5,[  1.87630409 379.39203952 549.86625542],[1.87630409,nan,nan],[1.44933525,1.37222689,1.4858275,]
ENSG00000154518.5,[ 3.7178215  34.4375771  52.15479134],[3.7178215,nan,nan],[1.51447331,1.37659868,1.789224,]
ENSG00000117399.9,[ 0.65646551 38.69543024 56.3841569 ],[0.65646551,nan,nan],[1.45712702,1.38938347,1.52820022],
ENSG00000134333.9,[  2.98869289 541.80782923 783.45138898],[2.98869289,nan,nan],[1.44599496,1.39573832,1.49729449],
ENSG00000168653.6,[ 4.58048154 26.14305536 33.05134313],[3.89340931,nan,nan],[1.79523421,1.41553551,2.19581289],
ENSG00000132963.7,[  4.72819021 206.35109714 304.14627225],[4.72819021,nan,nan],[1.47392612,1.42320958,1.52545429],
ENSG00000255823.1,[  2.88990172 110.57702274 163.15047772],[2.31192138,nan,nan],[1.47544647,1.42333796,1.53058623],
ENSG00000103363.10,[ 4.02600346 17.68273125 26.95756071],[3.62340312,nan,nan],[1.75319041,1.44725173,2.13898586],
ENSG00000164405.6,[ 4.56110097 55.24360823 83.00719745],[4.10499087,nan,nan],[1.50256654,1.44983405,1.55857359],
ENSG00000143977.9,[ 4.09371971 13.46580748 24.56021525],[4.09371971,nan,nan],[1.82389473,1.490102,2.19558143],
ENSG00000239672.3,[ 4.89681442 39.85713653 51.8956717 ],[4.16229226,nan,nan],[1.84889985,1.49901261,2.24164705],
ENSG00000179091.4,[  4.07024589 501.97893269 779.08847025],[4.07024589,nan,nan],[1.5520342,1.49973156,1.60621845],
ENSG00000164611.8,[ 1.17727811 41.93388398 65.68486304],[1.23614201,nan,nan],[1.56639111,1.50524748,1.62893879],
ENSG00000087586.13,[0.33562359 4.02826491 6.85609057],[0.33562359,nan,nan],[1.70199595,1.51866116,1.92201489],
ENSG00000169230.5,[  2.50063895  61.51890386 102.97905355],[2.50063895,nan,nan],[1.57350512,1.51902319,1.72537641],
ENSG00000145741.11,[  5.2951229  118.75561227 187.33876511],[3.70658603,nan,nan],[1.57751505,1.52460777,1.63365153],
ENSG00000169100.8,[ 4.28751846 22.81342517 40.35481255],[4.28751846,nan,nan],[1.76890635,1.53068531,2.10179918],
ENSG00000131469.8,[ 4.81116522 55.74226109 88.83782655],[3.84893217,nan,nan],[1.59372485,1.53917097,1.65225493],
ENSG00000103202.8,[ 2.26582828 11.48346089 19.24266753],[2.15253686,nan,nan],[1.82649707,1.56119741,2.10386031],
ENSG00000117450.9,[  4.91997033 386.25649175 624.0975131 ],[4.91997033,nan,nan],[1.61575929,1.56228285,1.66979241],
ENSG00000270672.1,[ 2.48121356 37.00069483 61.04447276],[2.23309221,nan,nan],[1.64981963,1.56443833,1.71125674],
ENSG00000108561.4,[ 4.23333682 17.68924787 26.43758107],[3.5983363,nan,nan],[1.9429235,1.57778653,2.36213695],
ENSG00000205581.6,[ 3.4444588  22.11992201 36.30661732],[3.27223586,nan,nan],[1.88755683,1.5906084,2.19397988],
ENSG00000182718.12,[   4.18629335  626.69862778 1034.05315194],[4.18629335,nan,nan],[1.65000066,1.59711346,1.70607231],
ENSG00000188846.9,[  5.34654268 222.09434644 368.80064508],[4.27723414,nan,nan],[1.66055846,1.60590109,1.71671415],
ENSG00000196139.7,[ 1.01620908 36.60146612 64.67401976],[1.06701954,nan,nan],[1.71396957,1.62209301,1.7381624,]
ENSG00000074800.9,[  5.80268905 169.27580367 285.988176  ],[5.80268905,nan,nan],[1.68948054,1.63415232,1.74597549],
ENSG00000127184.6,[  5.38160919 176.0873116  298.03189903],[4.03620689,nan,nan],[1.69252342,1.63738579,1.75020946],
ENSG00000160932.6,[ 2.78296041 29.32019802 48.08082397],[2.50466436,nan,nan],[1.98422251,1.71785095,2.25796801],
ENSG00000148773.8,[ 0.70643482  9.84663338 17.0755504 ],[0.67111308,nan,nan],[1.89022473,1.71899026,2.11489231],
ENSG00000189159.11,[  2.75175508 433.08434857 788.35201677],[2.75175508,nan,nan],[1.8203198,1.75372315,1.87301601],
ENSG00000161960.10,[  4.72866672 512.26780984 934.97334718],[4.72866672,nan,nan],[1.82516514,1.76451998,1.88084834],
ENSG00000167283.3,[ 4.65539702 26.6287159  53.40415176],[4.65539702,nan,nan],[2.00550984,1.78996662,2.363316,]
ENSG00000167468.12,[ 3.26037686 32.57525039 65.4138115 ],[3.26037686,nan,nan],[2.00808315,1.80285123,2.19798299],
ENSG00000126267.4,[ 3.57981628  8.03579917 17.71394204],[3.57981628,nan,nan],[2.20437839,1.81405441,2.64339741],
ENSG00000179271.1,[ 4.62765411 45.54032629 62.74560959],[3.70212329,nan,nan],[2.2044852,1.8188508,2.60460881],
ENSG00000153048.6,[ 2.82770956  7.91139163 17.46947353],[2.82770956,nan,nan],[2.20814167,1.87483271,2.57696797],
ENSG00000172115.4,[ 4.28746696 43.31681487 73.6772311 ],[3.64434692,nan,nan],[2.26218658,1.91860164,2.59176263],
ENSG00000080824.14,[   3.67563422  535.66868921 1130.65221741],[3.85941593,nan,nan],[2.04740854,1.97366305,2.09528295],
ENSG00000182809.6,[  2.22360289 306.92920927 627.96648264],[2.22360289,nan,nan],[2.04596521,1.98029742,2.11275321],
ENSG00000104529.13,[  4.06632059  50.02275026 108.00392335],[4.06632059,nan,nan],[2.15909607,1.98374344,2.22840064],
ENSG00000188612.7,[ 3.41795879  4.773929   12.03489085],[3.41795879,nan,nan],[2.52096142,1.99255056,3.13383316],
ENSG00000099901.12,[ 4.45541716 34.38902295 53.94200896],[3.56433373,nan,nan],[2.41561657,2.01926728,2.81558835],
ENSG00000106211.8,[  2.93778862  83.11738    177.54787281],[2.93778862,nan,nan],[2.13611007,2.06647343,2.20278262],
ENSG00000176340.3,[ 3.72868796 44.25424312 95.95088916],[3.35581916,nan,nan],[2.16817377,2.08335166,2.23994546],
ENSG00000186010.14,[ 2.89972728  4.62031118 11.96665733],[2.89972728,nan,nan],[2.59001112,2.12479008,3.12187181],
ENSG00000099800.3,[ 4.08745445 35.65196609 63.98203459],[3.47433628,nan,nan],[2.49453362,2.15305224,2.86076051],
ENSG00000109846.3,[6.32760346e-02 7.83674005e+01 1.92143712e+02],[0.06327603,nan,nan],[2.37827719,2.17746584,2.68256214],
ENSG00000205364.3,[ 0.06503155  9.59116103 23.39567116],[0.06503155,nan,nan],[2.439295,2.20526749,2.70080347],
ENSG00000163041.5,[ 4.31044408 31.82494828 74.26050205],[4.31044408,nan,nan],[2.33340527,2.22156409,2.55722986],
ENSG00000132475.4,[  3.67380039  86.48648338 199.24370544],[3.67380039,nan,nan],[2.30375543,2.22337001,2.37605534],
ENSG00000115541.6,[  3.78100021  52.00647002 119.95370053],[3.40290019,nan,nan],[2.30651495,2.23030681,2.38064749],
ENSG00000196531.6,[ 4.3108307  28.61121696 73.99425355],[4.3108307,nan,nan],[2.58619735,2.2702223,2.77933183],
ENSG00000116251.5,[  5.34308314 121.07232844 286.69989473],[4.27446651,nan,nan],[2.36800513,2.29680877,2.44188816],
ENSG00000128951.9,[2.10537451 3.67193284 9.90653844],[2.10537451,nan,nan],[2.69790839,2.29702308,3.14545264],
ENSG00000164104.7,[  1.397175   126.70682381 301.37767927],[1.397175,nan,nan],[2.3785434,2.30166895,2.45748818],
ENSG00000196230.8,[  4.17920024  43.74444873 104.93951727],[3.5523202,nan,nan],[2.39892193,2.32285893,2.47650365],
ENSG00000269028.2,[  2.97783607 207.50113404 512.64606025],[2.97783607,nan,nan],[2.47056992,2.39513333,2.54832103],
ENSG00000131143.4,[ 2.90935204  5.11906185 15.17396189],[2.90935204,nan,nan],[2.96420757,2.48490998,3.47263086],
ENSG00000124172.5,[ 4.48278499 19.84061257 56.45473354],[4.48278499,nan,nan],[2.84541283,2.49294626,3.22119869],
ENSG00000112695.7,[ 3.50051314  7.30890855 21.39356309],[3.50051314,nan,nan],[2.92705305,2.49862912,3.40130875],
ENSG00000122406.8,[  4.57049775 194.82137859 519.66706346],[4.79902264,nan,nan],[2.58738058,2.5072999,2.65470384],
ENSG00000174444.10,[ 4.35401132 24.70854496 71.67798095],[4.35401132,nan,nan],[2.90093897,2.5736011,3.25960618],
ENSG00000110536.9,[0.67320068 1.92387139 5.54965827],[0.67320068,nan,nan],[2.88463059,2.5753195,3.23246075],
ENSG00000125835.13,[ 3.07325795  5.46700704 16.62590024],[3.07325795,nan,nan],[3.04113387,2.59118431,3.5404247,]
ENSG00000026025.9,[   3.01337929  674.63828335 1825.81164772],[3.01337929,nan,nan],[2.70635642,2.61496264,2.76313162],
ENSG00000101182.10,[ 4.65650398 42.92976647 89.81066967],[3.72520318,nan,nan],[3.03345398,2.6785208,3.47377752],
ENSG00000221983.3,[ 4.79516434 17.54698763 53.88996141],[4.79516434,nan,nan],[3.07118022,2.69066876,3.486234,]
ENSG00000084207.11,[  4.12949833  44.27245148 129.47284892],[4.12949833,nan,nan],[2.92445628,2.70483336,3.01293279],
ENSG00000135919.8,[  1.04320733 148.25635701 415.65021411],[1.04320733,nan,nan],[2.80359117,2.70602817,2.88783029],
ENSG00000049247.9,[4.75225676e-01 5.72317709e+02 6.50828675e+02],[0.30889669,nan,nan],[2.91118269,2.77037471,3.08489527],
ENSG00000104870.8,[  1.87528156 190.47669221 546.8509482 ],[1.87528156,nan,nan],[2.87095992,2.78236169,2.95615947],
ENSG00000089220.4,[2.66396081 2.62006259 9.22999748],[2.66396081,nan,nan],[3.52281564,2.84575656,4.31036573],
ENSG00000163191.5,[ 1.27041569  6.7255559  20.82600956],[1.27041569,nan,nan],[3.09654843,2.84713479,3.3625955,]
ENSG00000115457.5,[ 2.46423643  5.97704769 19.47164862],[2.46423643,nan,nan],[3.25773687,2.88404295,3.66554948],
ENSG00000006327.9,[  0.83665271 104.37088055 315.16591556],[0.83665271,nan,nan],[3.01967286,2.91920651,3.121423,]
ENSG00000172809.8,[ 3.96383453 23.12475641 75.50501901],[3.96383453,nan,nan],[3.2651163,2.9252123,3.62610151],
ENSG00000140319.6,[ 3.82027592  7.20592826 24.6141144 ],[3.82027592,nan,nan],[3.41581452,2.9395986,3.94389739],
ENSG00000088986.6,[  3.70187894  32.67595144 110.09968206],[3.70187894,nan,nan],[3.36944074,3.04078573,3.46765417],
ENSG00000163682.11,[  4.50730781  39.55619561 133.56756836],[4.50730781,nan,nan],[3.37665355,3.06397332,3.47219799],
ENSG00000149806.6,[ 4.19919747 25.81011433 89.86786755],[4.19919747,nan,nan],[3.48188568,3.14051119,3.58891867],
ENSG00000171863.8,[  4.48833144  75.66126772 261.66226209],[4.48833144,nan,nan],[3.45833833,3.33050838,3.55116985],
ENSG00000183971.5,[ 2.15625803 22.3347915  69.26946138],[2.04844513,nan,nan],[3.56662746,3.37364419,3.83546125],
ENSG00000122585.3,[  0.99122356 488.41515782 927.19792178],[0.59473413,nan,nan],[3.49302054,3.38509424,3.65858816],
ENSG00000111057.6,[  0.69878259 192.03518465 694.26310256],[0.69878259,nan,nan],[3.61529114,3.46256094,3.70955706],
ENSG00000075624.9,[  5.13364595  52.04202395 195.76056391],[5.13364595,nan,nan],[3.76158629,3.49482725,3.86141624],
ENSG00000166803.6,[ 1.63005501  3.86099403 14.89584138],[1.63005501,nan,nan],[3.85803274,3.50419095,4.23362664],
ENSG00000132341.7,[ 3.58558842  8.63942458 34.35677218],[3.58558842,nan,nan],[3.97674311,3.54869853,4.43779169],
ENSG00000172270.14,[1.98203525 1.43190113 6.56429808],[1.98203525,nan,nan],[4.58432355,3.55072826,5.8465413,]
ENSG00000108106.9,[  1.12253309 159.14734625 588.7105738 ],[1.12253309,nan,nan],[3.6991542,3.57147397,3.78543131],
ENSG00000198417.5,[ 0.43457929 22.30670015 85.23368628],[0.43457929,nan,nan],[3.82099036,3.62559152,3.93272811],
ENSG00000171858.13,[ 3.91769555 23.59743082 94.52718958],[3.91769555,nan,nan],[4.00582548,3.63405957,4.23573007],
ENSG00000149591.12,[2.14367842e-01 3.99318242e+02 1.95009120e+03],[0.21436784,nan,nan],[3.85800569,3.70974412,4.09095177],
ENSG00000196262.9,[ 4.06703475  7.00000718 29.81844511],[4.06703475,nan,nan],[4.25977351,3.73370778,4.83101389],
ENSG00000100804.14,[ 3.06342656  3.54227942 15.91560168],[3.06342656,nan,nan],[4.4930396,3.84012307,5.22219458],
ENSG00000117632.16,[ 3.57564871  9.81981821 32.9589991 ],[3.03930141,nan,nan],[4.3632884,3.87790897,4.97099089],
ENSG00000169567.7,[ 3.6183881   9.77021867 42.18111923],[3.6183881,nan,nan],[4.31731578,3.8946012,4.76583224],
ENSG00000123689.5,[9.50072640e-02 5.84203723e+01 2.45590424e+02],[0.09500726,nan,nan],[4.203849,3.89498014,4.4986359,]
ENSG00000106153.12,[ 3.40578164  9.21983974 39.80106442],[3.40578164,nan,nan],[4.3168933,3.90363005,4.75462008],
ENSG00000148303.12,[  4.13650054  43.23224802 181.71456521],[4.13650054,nan,nan],[4.20321805,3.91386155,4.31945987],
ENSG00000134443.5,[ 1.02533127 14.16617453 58.40245053],[0.9740647,nan,nan],[4.12266914,3.99677799,4.25274291],
ENSG00000175063.12,[  0.54660061  67.25209818 305.03729255],[0.54660061,nan,nan],[4.53572901,4.37614523,4.68079947],
ENSG00000161970.8,[ 3.69613295 20.24123454 98.52711684],[3.69613295,nan,nan],[4.86764365,4.47060309,5.284973,]
ENSG00000119630.9,[  0.42839192  61.13877442 287.68720201],[0.42839192,nan,nan],[4.70547872,4.49557818,4.84621342],
ENSG00000114391.8,[ 3.6567668  12.98173631 65.63309722],[3.6567668,nan,nan],[5.05580268,4.62158486,5.51865923],
ENSG00000198755.6,[  5.24068993  56.43040726 132.61189699],[3.40644846,nan,nan],[5.38151785,4.80314922,6.00168116],
ENSG00000110700.2,[ 3.98520637 16.20699633 86.12356697],[3.98520637,nan,nan],[5.31397461,4.87781929,5.7773683,]
ENSG00000065978.13,[  3.6552224   25.4030651  134.94733563],[3.6552224,nan,nan],[5.31224618,4.89630226,5.43629699],
ENSG00000111669.10,[ 3.1924563   4.53212761 24.89656307],[3.1924563,nan,nan],[5.49334997,4.9077013,6.13181089],
ENSG00000197728.5,[ 3.3337439  10.36776695 55.79381885],[3.3337439,nan,nan],[5.38146923,4.9381095,5.86246308],
ENSG00000108298.5,[ 3.60377885  8.62509501 47.35990639],[3.60377885,nan,nan],[5.49094316,5.00535685,6.00787871],
ENSG00000100316.11,[ 3.66503908  8.82247062 48.84770881],[3.66503908,nan,nan],[5.53673805,5.05260509,6.04894084],
ENSG00000172757.8,[ 3.44070069 10.20708246 56.68761797],[3.44070069,nan,nan],[5.55375331,5.11401278,6.0172064,]
ENSG00000213741.4,[  3.52128795  19.99035762 110.87183651],[3.52128795,nan,nan],[5.54626579,5.14218068,5.77733405],
ENSG00000138326.14,[ 4.06769085 10.63286472 62.10469056],[4.06769085,nan,nan],[5.84082392,5.35135128,6.36635327],
ENSG00000063177.8,[ 3.75564542 12.11606862 70.62918233],[3.75564542,nan,nan],[5.82938118,5.37822999,6.30501423],
ENSG00000147604.9,[  4.28596449  23.02406743 135.99909733],[4.28596449,nan,nan],[5.90682327,5.45922612,6.04389717],
ENSG00000162244.6,[ 3.20472068  9.06328618 54.40463193],[3.20472068,nan,nan],[6.00274899,5.5517928,6.47383842],
ENSG00000145425.5,[  4.06871335  16.94787998 104.13383188],[4.06871335,nan,nan],[6.14435741,5.59849355,6.65838267],
ENSG00000198830.6,[ 2.35693456  6.80256182 40.96936454],[2.35693456,nan,nan],[6.02263759,5.60076584,6.46016604],
ENSG00000124614.9,[ 3.61518126 10.32036415 62.88098615],[3.61518126,nan,nan],[6.09290382,5.62826018,6.58580089],
ENSG00000196611.4,[4.20601477e-01 3.47201527e+02 1.27095175e+03],[0.27339096,nan,nan],[6.18634507,5.9752355,6.50938438],
ENSG00000145592.9,[  3.66569036  20.23809708 135.43763918],[3.66569036,nan,nan],[6.69221215,6.23718925,6.84125659],
ENSG00000170889.9,[ 3.75886269  5.1212595  35.40915301],[3.75886269,nan,nan],[6.91414935,6.24409275,7.63632028],
ENSG00000205358.3,[2.47482217e-02 1.32792963e+01 1.17255978e+02],[0.02722304,nan,nan],[7.24058713,6.40555054,8.10560001],
ENSG00000109475.12,[  3.93883302  23.62623774 166.90282612],[3.93883302,nan,nan],[7.06429978,6.57383896,7.21644152],
ENSG00000166441.8,[ 3.36599129 11.84002726 84.85109997],[3.36599129,nan,nan],[7.16646154,6.67357508,7.67726932],
ENSG00000130255.8,[  3.73745226  17.24342675 126.84688399],[3.73745226,nan,nan],[7.13555833,6.71069038,7.50759483],
ENSG00000189403.10,[  3.61891674  16.93812861 131.08115345],[3.61891674,nan,nan],[7.73882148,7.23859644,7.90596304],
ENSG00000118181.6,[ 3.78181784 11.10577297 86.60679087],[3.78181784,nan,nan],[7.79835776,7.26955729,8.3488768,]
ENSG00000136942.10,[  3.99989718  20.70337036 164.25637058],[3.99989718,nan,nan],[7.93379859,7.39580589,8.09978243],
ENSG00000143947.8,[  4.00108075  12.64712123 101.10419264],[4.00108075,nan,nan],[7.99424555,7.44434609,8.57335293],
ENSG00000182899.10,[ 3.61574864  9.57796221 78.18829803],[3.61574864,nan,nan],[8.1633542,7.61129138,8.73785304],
ENSG00000233927.4,[  3.95952704  22.80991024 194.76605422],[3.95952704,nan,nan],[8.53865939,7.97774187,8.71057863],
ENSG00000197756.5,[  3.63530331  27.54897433 240.17934594],[3.63530331,nan,nan],[8.71826817,8.36425735,8.8886404,]
ENSG00000256618.1,[ 1.87473348  8.34714803 73.56879007],[1.87473348,nan,nan],[8.81364387,8.38022285,9.26532045],
ENSG00000142937.7,[  3.74062055  19.27673296 177.52243485],[3.74062055,nan,nan],[9.20915568,8.61958845,9.39239754],
ENSG00000197956.5,[7.05885100e-01 2.07547433e+02 1.87707659e+03],[0.7058851,nan,nan],[9.04408484,8.76007583,9.25611893],
ENSG00000231500.2,[  3.66577943  20.08805166 201.05991541],[3.66577943,nan,nan],[10.00893062,9.40545663,10.20243339],
ENSG00000142541.12,[  3.71529485  17.88209604 179.42358447],[3.71529485,nan,nan],[10.03369986,9.4274838,10.23166586],
ENSG00000002586.13,[ 2.01840831  3.53881806 36.61174402],[2.01840831,nan,nan],[10.34575481,9.72869793,10.98846581],
ENSG00000144713.8,[  4.168913    29.2190748  220.35384341],[3.54357605,nan,nan],[10.25635579,9.76726325,10.79450641],
ENSG00000147403.12,[  4.49563249  32.17372089 306.90653827],[3.82128762,nan,nan],[10.11138661,9.7874351,10.2360345,]
ENSG00000123416.11,[ 2.52767138  8.87728428 94.01052279],[2.52767138,nan,nan],[10.59000927,10.01877186,11.18259144],
ENSG00000112306.7,[  3.64473453  25.71564083 279.77745811],[3.64473453,nan,nan],[10.87966113,10.44920685,11.08575207],
ENSG00000187514.10,[  3.95109901  19.03759024 180.12763393],[3.55598911,nan,nan],[11.73248627,10.91850377,12.33463201],
ENSG00000186468.8,[  3.52797007  17.70758987 229.60858174],[3.52797007,nan,nan],[12.96667607,12.26040697,13.20714425],
ENSG00000161016.11,[  3.60841766  17.70783687 233.73570395],[3.60841766,nan,nan],[13.19956275,12.51235902,13.44046498],
ENSG00000122026.6,[  4.3125775   23.75655741 237.91257203],[3.88131975,nan,nan],[13.31942652,12.59586771,13.84692763],
ENSG00000166710.13,[ 2.20622256  2.88357693 48.04814695],[2.20622256,nan,nan],[16.66268947,15.82510178,17.55269641],
ENSG00000167996.11,[2.92488605e+00 2.93999684e+02 4.88057043e+03],[2.92488605,nan,nan],[16.60059755,16.10188744,16.79865377],
ENSG00000229117.4,[  3.45054326  18.48597997 408.35176826],[3.45054326,nan,nan],[22.08980908,21.24292919,22.46284123],
ENSG00000169715.10,[2.29978197e-01 3.22832603e+01 7.25485860e+02],[0.2299782,nan,nan],[22.4725091,21.71101858,23.34339454],
ENSG00000125144.9,[2.47978325e-01 5.73635274e+01 1.64384692e+03],[0.24797833,nan,nan],[28.65665686,27.59831194,29.58695851],
ENSG00000213190.2,[  2.66892737 834.07766077 944.79111921],[2.66892737,nan,nan],[0.92884482,nan,nan],
ENSG00000197903.6,[6.33040881e-01 9.89081807e+02 1.08138882e+03],[0.63304088,nan,nan],[1.06052619,nan,nan],
ENSG00000119705.5,[   4.2854841   885.03546904 1378.89871047],[4.2854841,nan,nan],[1.37105337,nan,nan],
ENSG00000173812.6,[   4.07421631  998.1481663  1528.44531021],[4.07421631,nan,nan],[1.48534256,nan,nan],
ENSG00000096384.15,[   3.75898033  991.39853126 1526.07207875],[3.75898033,nan,nan],[1.49313305,nan,nan],
ENSG00000142871.11,[2.59706046e-01 9.10199741e+02 1.61294429e+03],[0.25970605,nan,nan],[1.61259034,nan,nan],
ENSG00000117724.8,[6.47895020e-01 8.90166498e+02 1.86795227e+03],[0.64789502,nan,nan],[1.84661859,nan,nan],
ENSG00000115053.11,[   2.26189843  587.78504139 1161.3758695 ],[2.37499335,nan,nan],[1.85730027,nan,nan],
ENSG00000142669.9,[  2.71286508 453.45420173 847.10923164],[2.71286508,nan,nan],[1.86812522,nan,nan],
ENSG00000105372.2,[   4.62580638  169.8700182  2042.63389847],[4.62580638,nan,nan],[12.02468758,nan,nan],
ENSG00000034510.4,[  3.57130116  50.80064782 635.87301354],[3.57130116,nan,nan],[12.51702568,nan,nan],
ENSG00000167526.9,[  3.66119245  53.82351513 694.20264892],[3.11201358,nan,nan],[12.89775755,nan,nan],
ENSG00000205542.6,[1.55286130e+00 1.86468048e+02 2.57748813e+03],[1.63050436,nan,nan],[13.40799947,nan,nan],
ENSG00000137818.7,[   4.10190284  115.02290928 2124.54430587],[4.10190284,nan,nan],[18.47061876,nan,nan],
ENSG00000198668.6,[  2.70218054 369.27352366 797.92910527],[2.70218054,nan,nan],[2.09598355,nan,nan],
ENSG00000197747.4,[6.34860919e-01 9.27627067e+02 2.16019734e+03],[0.63486092,nan,nan],[2.11914857,nan,nan],
ENSG00000115414.14,[  1.17074232 313.85622885 721.77224724],[1.22927944,nan,nan],[2.16170925,nan,nan],
ENSG00000175868.9,[3.25723313e-01 7.62435183e+02 2.36013930e+03],[0.32572331,nan,nan],[2.35260113,nan,nan],
ENSG00000189043.5,[   3.62981135  397.65261696 1003.13117899],[3.62981135,nan,nan],[2.52263191,nan,nan],
ENSG00000168028.9,[  4.45222078 311.40153377 777.68075234],[4.22960974,nan,nan],[2.57227755,nan,nan],
ENSG00000173660.7,[  3.86918131  97.40459991 253.06200385],[3.86918131,nan,nan],[2.59804983,nan,nan],
ENSG00000092841.14,[  4.3146742   64.27345284 168.58953312],[3.66747307,nan,nan],[2.62300414,nan,nan],
ENSG00000118523.5,[2.60040872e-01 9.64969126e+02 2.68020253e+03],[0.26004087,nan,nan],[2.69417579,nan,nan],
ENSG00000104904.8,[  4.20402209  45.24233354 124.37136125],[3.57341877,nan,nan],[2.74900412,nan,nan],
ENSG00000137154.8,[  4.55489077 170.88434982 484.08432668],[3.64391262,nan,nan],[2.83281838,nan,nan],
ENSG00000142534.2,[  4.95324828  60.19752253 177.9277806 ],[3.96259862,nan,nan],[2.95573261,nan,nan],
ENSG00000140988.11,[  2.95088001  27.43132151 664.30553756],[2.65579201,nan,nan],[24.21704464,nan,nan],
ENSG00000187193.8,[3.27236972e-01 3.96189927e+01 1.00118947e+03],[0.32723697,nan,nan],[24.51232912,nan,nan],
ENSG00000117318.8,[  2.31424797 101.9678523  308.8293612 ],[2.31424797,nan,nan],[3.0286934,nan,nan],
ENSG00000181163.9,[   2.37240597  360.27211343 1168.97501743],[2.49102627,nan,nan],[3.05001824,nan,nan],
ENSG00000204628.7,[   2.49970186  310.96453487 1062.6264375 ],[2.49970186,nan,nan],[3.41719495,nan,nan],
ENSG00000102265.7,[1.62159178e+00 7.43169720e+02 3.54943867e+03],[1.78375096,nan,nan],[3.48653903,nan,nan],
ENSG00000140264.15,[  4.15014748 125.17826901 440.98004788],[4.15014748,nan,nan],[3.52281631,nan,nan],
ENSG00000110092.3,[  3.10759123 149.34259578 545.4295353 ],[3.10759123,nan,nan],[3.65220339,nan,nan],
ENSG00000134419.11,[  4.70774354 118.72749468 436.36174553],[3.76619483,nan,nan],[3.67532177,nan,nan],
ENSG00000133112.12,[   2.93632136  337.53663646 1293.40080996],[2.93632136,nan,nan],[3.71692625,nan,nan],
ENSG00000089009.11,[  4.83481817 121.5831762  456.87848184],[4.10959544,nan,nan],[3.75774425,nan,nan],
ENSG00000108518.7,[  4.41276894  53.97819185 213.46099198],[3.53021515,nan,nan],[3.95457841,nan,nan],
ENSG00000087086.9,[1.93563892e+00 1.09349148e+02 3.29284794e+03],[1.93563892,nan,nan],[30.11315586,nan,nan],
ENSG00000071082.6,[  4.76970622  93.10124593 380.23148867],[3.57727966,nan,nan],[4.08406445,nan,nan],
ENSG00000083845.4,[  4.95489296 106.74637358 438.81145606],[3.96391436,nan,nan],[4.11078561,nan,nan],
ENSG00000198034.6,[  4.63661519 113.18933803 505.56978685],[4.63661519,nan,nan],[4.46658489,nan,nan],
ENSG00000108107.8,[  4.23351472  79.17563998 369.50145883],[3.59848751,nan,nan],[4.66685787,nan,nan],
ENSG00000105974.7,[   3.49107013  228.99476096 1074.60228137],[3.49107013,nan,nan],[4.69269374,nan,nan],
ENSG00000184009.5,[   2.91289516  324.92726969 1640.33361216],[3.05853992,nan,nan],[4.89686078,nan,nan],
ENSG00000197061.3,[  0.48200632   4.48414505 191.07329684],[0.48200632,nan,nan],[42.61086444,nan,nan],
ENSG00000125148.6,[6.31799394e-01 1.35690497e+01 6.59050828e+02],[0.66338936,nan,nan],[48.57015376,nan,nan],
ENSG00000198242.9,[  4.27759884  67.42549562 344.17690398],[3.63595901,nan,nan],[5.10455134,nan,nan],
ENSG00000197958.8,[  4.05406991  62.73795129 320.56895232],[4.05406991,nan,nan],[5.10964967,nan,nan],
ENSG00000142676.8,[  4.83139283  98.60881675 517.92399897],[3.86511426,nan,nan],[5.25230924,nan,nan],
ENSG00000089157.11,[  4.87593412  48.22137821 271.48108152],[3.90074729,nan,nan],[5.62989055,nan,nan],
ENSG00000149273.10,[   5.04878532  193.39810748 1097.59408529],[5.04878532,nan,nan],[5.67530934,nan,nan],
ENSG00000174748.14,[  4.65673497  87.50166889 497.38989423],[3.72538798,nan,nan],[5.68434752,nan,nan],
ENSG00000177600.4,[   4.06692302  176.51869206 1068.71632564],[4.06692302,nan,nan],[6.05440882,nan,nan],
ENSG00000198918.7,[  4.38167045  34.11364419 214.67981066],[3.72441988,nan,nan],[6.29307762,nan,nan],
ENSG00000105193.4,[  4.12217998  48.17441902 304.26278236],[3.50385298,nan,nan],[6.31585785,nan,nan],
ENSG00000164587.7,[   4.50960027  227.69519854 1540.38005855],[4.50960027,nan,nan],[6.7650968,nan,nan],
ENSG00000156508.13,[  5.06632763 129.2367077  926.83722841],[5.31964401,nan,nan],[7.17162519,nan,nan],
ENSG00000187094.7,[4.53196395e-02 7.55236267e+02 7.41908413e+03],[0.04531964,nan,nan],[7.4658808,nan,nan],
ENSG00000164032.7,[  2.72361301  17.33099446 135.65920133],[2.45125171,nan,nan],[7.82754859,nan,nan],
ENSG00000100097.7,[  0.8848087   42.78304823 337.20876612],[0.84056826,nan,nan],[7.88183124,nan,nan],
ENSG00000115268.5,[   4.6733201   180.47756761 1542.2929736 ],[4.6733201,nan,nan],[8.54562145,nan,nan],
ENSG00000105640.8,[  4.35108472  32.50142213 281.41357676],[3.69842202,nan,nan],[8.65850041,nan,nan],
ENSG00000177954.7,[  3.76374653  35.93184489 324.25733494],[3.76374653,nan,nan],[9.02423285,nan,nan],
ENSG00000170540.10,[4.79761825e-01 5.56307414e+02 6.45926463e+02],[0.57571419,nan,nan],[nan,nan,nan],
ENSG00000181649.5,[6.49319983e-01 7.03732894e+02 1.09924458e+03],[0.64931998,nan,nan],[nan,nan,nan],
